rep	segment	sample	fov	infected_cells	spots	median_intensity	mean_radius	spots_per_infected_cell	plp
rep0	HA	10PLP	fov_0	19	885	0.027237354	3	46.578947368421055	10
rep0	HA	10PLP	fov_1	58	3562	0.0161364155	3	61.41379310344828	10
rep0	HA	10PLP	fov_2	38	1612	0.019127184499999998	3	42.421052631578945	10
rep0	HA	10PLP	fov_3	46	5005	0.012726024	3	108.80434782608695	10
rep0	HA	10PLP	fov_4	48	4121	0.017074846	3	85.85416666666667	10
rep0	HA	10PLP	fov_5	41	8013	0.025925077	3	195.4390243902439	10
rep0	HA	10PLP	fov_6	41	4475	0.020080872	3	109.14634146341463	10
rep0	HA	10PLP	fov_8	52	3512	0.027412832499999998	3	67.53846153846153	10
rep0	HA	1PLP	fov_0	36	926	0.020065613	3	25.72222222222222	1
rep0	HA	1PLP	fov_1	29	776	0.00504310675	3	26.75862068965517	1
rep0	HA	1PLP	fov_2	28	743	0.0077973604	3	26.535714285714285	1
rep0	HA	1PLP	fov_3	36	1923	0.01760891	3	53.416666666666664	1
rep0	HA	1PLP	fov_4	29	1123	0.007843137	3	38.724137931034484	1
rep0	HA	1PLP	fov_5	36	1241	0.007080186	3	34.47222222222222	1
rep0	HA	1PLP	fov_6	24	841	0.011917296	3	35.041666666666664	1
rep0	HA	1PLP	fov_7	16	546	0.01168078125	3	34.125	1
rep0	HA	1PLP	fov_8	39	1566	0.011886778	3	40.15384615384615	1
rep0	HA	2PLP	fov_0	42	1923	0.01887541	3	45.785714285714285	2
rep0	HA	2PLP	fov_1	37	1677	0.011520562	3	45.32432432432432	2
rep0	HA	2PLP	fov_2	28	1278	0.0140459295	3	45.642857142857146	2
rep0	HA	2PLP	fov_3	33	1578	0.0106279085	3	47.81818181818182	2
rep0	HA	2PLP	fov_4	26	683	0.014007783	3	26.26923076923077	2
rep0	HA	2PLP	fov_5	22	1523	0.013046464	3	69.22727272727273	2
rep0	HA	2PLP	fov_6	42	2410	0.018028535	3	57.38095238095238	2
rep0	HA	2PLP	fov_7	38	1998	0.016563669000000003	3	52.578947368421055	2
rep0	HA	2PLP	fov_8	35	2310	0.0138017855	3	66	2
rep0	HA	3PLP	fov_0	40	1538	0.010399023	3	38.45	3
rep0	HA	3PLP	fov_1	37	1364	0.0100175475	3	36.86486486486486	3
rep0	HA	3PLP	fov_2	43	1916	0.00999466	3	44.55813953488372	3
rep0	HA	3PLP	fov_3	54	2705	0.017059587	3	50.092592592592595	3
rep0	HA	3PLP	fov_4	57	2992	0.008743419	3	52.49122807017544	3
rep0	HA	3PLP	fov_5	42	1620	0.011108568	3	38.57142857142857	3
rep0	HA	3PLP	fov_6	34	2195	0.009430075	3	64.55882352941177	3
rep0	HA	3PLP	fov_7	50	3068	0.021194782	3	61.36	3
rep0	HA	3PLP	fov_8	60	3205	0.020462349	3	53.416666666666664	3
rep0	HA	4PLP	fov_0	45	2189	0.014724956	3	48.644444444444446	4
rep0	HA	4PLP	fov_1	41	1787	0.024689097	3	43.58536585365854	4
rep0	HA	4PLP	fov_2	43	2346	0.018066682	3	54.55813953488372	4
rep0	HA	4PLP	fov_3	30	2922	0.011924926	3	97.4	4
rep0	HA	4PLP	fov_4	39	1702	0.022598611	3	43.64102564102564	4
rep0	HA	4PLP	fov_5	61	3591	0.012405585	3	58.868852459016395	4
rep0	HA	4PLP	fov_6	26	679	0.011276417	3	26.115384615384617	4
rep0	HA	4PLP	fov_7	35	1297	0.010360876	3	37.05714285714286	4
rep0	HA	4PLP	fov_8	36	2412	0.015754940000000002	3	67	4
rep0	HA	6PLP	fov_0	34	1449	0.01451133	3	42.61764705882353	6
rep0	HA	6PLP	fov_1	27	1494	0.013824673000000001	3	55.333333333333336	6
rep0	HA	6PLP	fov_2	33	1998	0.009864958	3	60.54545454545455	6
rep0	HA	6PLP	fov_3	20	584	0.023002974500000002	3	29.2	6
rep0	HA	6PLP	fov_4	62	3470	0.012771801	3	55.96774193548387	6
rep0	HA	6PLP	fov_5	39	2323	0.011841001	3	59.56410256410256	6
rep0	HA	6PLP	fov_6	8	146	0.0207064925	3	18.25	6
rep0	HA	6PLP	fov_7	42	4498	0.017517358	3	107.0952380952381	6
rep0	HA	6PLP	fov_8	42	4255	0.015930418	3	101.30952380952381	6
rep0	HA	8PLP	fov_0	44	1268	0.020508125500000002	3	28.818181818181817	8
rep0	HA	8PLP	fov_1	29	2050	0.0088654915	3	70.6896551724138	8
rep0	HA	8PLP	fov_2	25	1388	0.026070040000000003	3	55.52	8
rep0	HA	8PLP	fov_3	62	3561	0.020019837	3	57.435483870967744	8
rep0	HA	8PLP	fov_4	72	4411	0.02041657	3	61.263888888888886	8
rep0	HA	8PLP	fov_5	45	3965	0.01794461	3	88.11111111111111	8
rep0	HA	8PLP	fov_6	60	3641	0.015625238	3	60.68333333333333	8
rep0	HA	8PLP	fov_7	48	2943	0.019317921	3	61.3125	8
rep0	HA	8PLP	fov_8	30	396	0.04501411499999999	3	13.2	8
rep1	HA	10PLP	fov_0	27	767	0.002746624	3	28.40740740740741	10
rep1	HA	10PLP	fov_1	19	391	0.002746624	3	20.57894736842105	10
rep1	HA	10PLP	fov_2	21	375	0.0026245518	3	17.857142857142858	10
rep1	HA	10PLP	fov_3	76	3077	0.0014953841	3	40.48684210526316	10
rep1	HA	10PLP	fov_4	33	630	0.0025635157	3	19.09090909090909	10
rep1	HA	10PLP	fov_5	27	541	0.002731365	3	20.037037037037038	10
rep1	HA	10PLP	fov_6	29	611	0.002746624	3	21.06896551724138	10
rep1	HA	10PLP	fov_7	27	587	0.0026703288	3	21.74074074074074	10
rep1	HA	10PLP	fov_8	15	293	0.0025177386	3	19.533333333333335	10
rep1	HA	10PLP	fov_9	19	433	0.0024261845	3	22.789473684210527	10
rep1	HA	1PLP	fov_0	62	1609	0.00140383	3	25.951612903225808	1
rep1	HA	1PLP	fov_1	45	1477	0.001358053	3	32.82222222222222	1
rep1	HA	1PLP	fov_2	40	1263	0.0013427939	3	31.575	1
rep1	HA	1PLP	fov_3	34	692	0.0014953841	3	20.352941176470587	1
rep1	HA	1PLP	fov_4	52	1160	0.0014801251	3	22.307692307692307	1
rep1	HA	1PLP	fov_5	45	792	0.0017853056	3	17.6	1
rep1	HA	1PLP	fov_6	59	1131	0.0013122759	3	19.16949152542373	1
rep1	HA	1PLP	fov_7	53	1226	0.0013427939	3	23.132075471698112	1
rep1	HA	1PLP	fov_8	59	1273	0.0012817578	3	21.576271186440678	1
rep1	HA	1PLP	fov_9	56	1436	0.0014648661	3	25.642857142857142	1
rep1	HA	2PLP	fov_0	34	966	0.0014648661	3	28.41176470588235	2
rep1	HA	2PLP	fov_1	26	449	0.0022278172	3	17.26923076923077	2
rep1	HA	2PLP	fov_2	90	2721	0.0016479744	3	30.233333333333334	2
rep1	HA	2PLP	fov_3	77	2446	0.0016479744	3	31.766233766233768	2
rep1	HA	2PLP	fov_4	82	2506	0.0016327153	3	30.5609756097561	2
rep1	HA	2PLP	fov_5	74	1332	0.0021972992	3	18	2
rep1	HA	2PLP	fov_6	93	2758	0.0015716793	3	29.655913978494624	2
rep1	HA	2PLP	fov_7	87	2544	0.0015564202	3	29.24137931034483	2
rep1	HA	2PLP	fov_8	58	1229	0.002075227	3	21.189655172413794	2
rep1	HA	2PLP	fov_9	67	2216	0.0014801251	3	33.07462686567164	2
rep1	HA	3PLP	fov_0	74	2234	0.0012207218	3	30.18918918918919	3
rep1	HA	3PLP	fov_1	22	402	0.0019531548	3	18.272727272727273	3
rep1	HA	3PLP	fov_2	66	1781	0.0011139086	3	26.984848484848484	3
rep1	HA	3PLP	fov_3	56	1803	0.0012970169	3	32.19642857142857	3
rep1	HA	3PLP	fov_4	59	2388	0.0013122759	3	40.47457627118644	3
rep1	HA	3PLP	fov_5	79	3493	0.0011902037	3	44.21518987341772	3
rep1	HA	3PLP	fov_7	73	1752	0.0010833906	3	24	3
rep1	HA	3PLP	fov_8	68	3978	0.0012054627	3	58.5	3
rep1	HA	3PLP	fov_9	26	372	0.0018234531	3	14.307692307692308	3
rep1	HA	4PLP	fov_0	113	4804	0.001419089	3	42.51327433628319	4
rep1	HA	4PLP	fov_1	29	606	0.002075227	3	20.896551724137932	4
rep1	HA	4PLP	fov_2	82	2925	0.0010376135	3	35.670731707317074	4
rep1	HA	4PLP	fov_3	74	2258	0.0014801251	3	30.513513513513512	4
rep1	HA	4PLP	fov_4	35	607	0.0019226368	3	17.34285714285714	4
rep1	HA	4PLP	fov_5	30	601	0.002105745	3	20.033333333333335	4
rep1	HA	4PLP	fov_6	74	3315	0.0012970169	3	44.7972972972973	4
rep1	HA	4PLP	fov_7	68	3187	0.0011444266	3	46.86764705882353	4
rep1	HA	4PLP	fov_8	74	3355	0.0012970169	3	45.33783783783784	4
rep1	HA	4PLP	fov_9	89	4871	0.001419089	3	54.73033707865169	4
rep1	HA	5PLP	fov_0	31	995	0.0019378958	3	32.096774193548384	5
rep1	HA	5PLP	fov_1	52	2332	0.0012512398	3	44.84615384615385	5
rep1	HA	5PLP	fov_2	42	1441	0.0012512398	3	34.30952380952381	5
rep1	HA	5PLP	fov_3	17	357	0.0018616007	3	21	5
rep1	HA	5PLP	fov_4	24	722	0.001419089	3	30.083333333333332	5
rep1	HA	5PLP	fov_5	31	1290	0.0016784924	3	41.61290322580645	5
rep1	HA	5PLP	fov_6	47	1030	0.0010986496	3	21.914893617021278	5
rep1	HA	5PLP	fov_7	66	1935	0.0012054627	3	29.318181818181817	5
rep1	HA	5PLP	fov_8	70	2127	0.0012664988	3	30.385714285714286	5
rep1	HA	5PLP	fov_9	74	3702	0.001373312	3	50.027027027027025	5
rep1	HA	6PLP	fov_0	104	5006	0.002044709	3	48.13461538461539	6
rep1	HA	6PLP	fov_1	70	1847	0.0022278172	3	26.385714285714286	6
rep1	HA	6PLP	fov_2	59	2458	0.0024872206	3	41.66101694915254	6
rep1	HA	6PLP	fov_3	89	2182	0.0022735943	3	24.51685393258427	6
rep1	HA	6PLP	fov_4	105	4051	0.0026092927	3	38.58095238095238	6
rep1	HA	6PLP	fov_5	94	3024	0.00280766	3	32.170212765957444	6
rep1	HA	6PLP	fov_6	102	4847	0.0023346303	3	47.51960784313726	6
rep1	HA	6PLP	fov_7	67	2519	0.0025787747	3	37.59701492537314	6
rep1	HA	6PLP	fov_8	83	2681	0.0018310826	3	32.30120481927711	6
rep1	HA	6PLP	fov_9	79	2747	0.002014191	3	34.77215189873418	6
rep1	HA	8PLP	fov_0	78	3196	0.0023956664	3	40.97435897435897	8
rep1	HA	8PLP	fov_1	67	2937	0.0025329976	3	43.83582089552239	8
rep1	HA	8PLP	fov_2	98	3542	0.0017700465	3	36.142857142857146	8
rep1	HA	8PLP	fov_3	86	3360	0.0018921187	3	39.06976744186046	8
rep1	HA	8PLP	fov_4	78	2487	0.0023498894	3	31.884615384615383	8
rep1	HA	8PLP	fov_5	78	2309	0.0022735943	3	29.602564102564102	8
rep1	HA	8PLP	fov_6	96	3861	0.0018921187	3	40.21875	8
rep1	HA	8PLP	fov_7	72	2731	0.0024261845	3	37.93055555555556	8
rep1	HA	8PLP	fov_8	68	2278	0.0016784924	3	33.5	8
rep1	HA	8PLP	fov_9	51	2318	0.0022888533	3	45.450980392156865	8
rep2	HA	10PLP	fov_0	42	1012	0.0022125582	3	24.095238095238095	10
rep2	HA	10PLP	fov_1	34	887	0.002166781	3	26.08823529411765	10
rep2	HA	10PLP	fov_2	33	845	0.002121004	3	25.606060606060606	10
rep2	HA	10PLP	fov_3	41	734	0.002105745	3	17.902439024390244	10
rep2	HA	10PLP	fov_4	67	2417	0.0014801251	3	36.07462686567164	10
rep2	HA	10PLP	fov_5	16	681	0.002121004	3	42.5625	10
rep2	HA	10PLP	fov_6	38	873	0.0018768597	3	22.973684210526315	10
rep2	HA	10PLP	fov_7	14	412	0.0018463416	3	29.428571428571427	10
rep2	HA	10PLP	fov_8	80	3805	0.001373312	3	47.5625	10
rep2	HA	10PLP	fov_9	33	760	0.00199130235	3	23.03030303030303	10
rep2	HA	1PLP	fov_0	62	1493	0.0015411612	3	24.080645161290324	1
rep2	HA	1PLP	fov_1	89	2180	0.0013427939	3	24.49438202247191	1
rep2	HA	1PLP	fov_2	66	2088	0.0012970169	3	31.636363636363637	1
rep2	HA	1PLP	fov_3	39	664	0.0016937514	3	17.025641025641026	1
rep2	HA	1PLP	fov_4	80	1506	0.0015640497500000001	3	18.825	1
rep2	HA	1PLP	fov_5	81	2201	0.0016174563	3	27.17283950617284	1
rep2	HA	1PLP	fov_6	73	2073	0.0013275349	3	28.397260273972602	1
rep2	HA	1PLP	fov_7	61	1227	0.0018005646	3	20.114754098360656	1
rep2	HA	1PLP	fov_8	79	2053	0.0012817578	3	25.9873417721519	1
rep2	HA	1PLP	fov_9	52	1050	0.0017547875	3	20.192307692307693	1
rep2	HA	2PLP	fov_0	38	1475	0.001388571	3	38.81578947368421	2
rep2	HA	2PLP	fov_1	30	941	0.0014496071	3	31.366666666666667	2
rep2	HA	2PLP	fov_2	20	330	0.00202945	3	16.5	2
rep2	HA	2PLP	fov_3	67	2011	0.0016479744	3	30.01492537313433	2
rep2	HA	2PLP	fov_4	58	1137	0.002090486	3	19.603448275862068	2
rep2	HA	2PLP	fov_5	32	512	0.002075227	3	16	2
rep2	HA	2PLP	fov_6	52	1493	0.00140383	3	28.71153846153846	2
rep2	HA	2PLP	fov_7	4	66	0.0018234531	3	16.5	2
rep2	HA	2PLP	fov_8	41	1076	0.0011902037	3	26.24390243902439	2
rep2	HA	2PLP	fov_9	19	245	0.0016174563	3	12.894736842105264	2
rep2	HA	3PLP	fov_0	25	561	0.0012054627	3	22.44	3
rep2	HA	3PLP	fov_1	35	540	0.0010070954	3	15.428571428571429	3
rep2	HA	3PLP	fov_2	10	195	0.0015411612	3	19.5	3
rep2	HA	3PLP	fov_3	46	1346	0.0010833906	3	29.26086956521739	3
rep2	HA	3PLP	fov_4	42	1361	0.0010528725	3	32.404761904761905	3
rep2	HA	3PLP	fov_5	64	1632	0.0010528725	3	25.5	3
rep2	HA	3PLP	fov_6	55	2488	0.0010528725	3	45.236363636363635	3
rep2	HA	3PLP	fov_7	49	1671	0.0010833906	3	34.10204081632653	3
rep2	HA	3PLP	fov_8	47	1201	0.0011291676	3	25.5531914893617	3
rep2	HA	3PLP	fov_9	2	11	0.0026703288	3	5.5	3
rep2	HA	4PLP	fov_0	59	3525	0.0013275349	3	59.74576271186441	4
rep2	HA	4PLP	fov_1	73	4114	0.0013122759	3	56.35616438356164	4
rep2	HA	4PLP	fov_2	76	4009	0.0013427939	3	52.75	4
rep2	HA	4PLP	fov_3	65	1793	0.0012054627	3	27.584615384615386	4
rep2	HA	4PLP	fov_4	56	2645	0.0012512398	3	47.232142857142854	4
rep2	HA	4PLP	fov_5	36	753	0.0017090105	3	20.916666666666668	4
rep2	HA	4PLP	fov_6	66	1709	0.0011902037	3	25.893939393939394	4
rep2	HA	4PLP	fov_7	80	2706	0.0011444266	3	33.825	4
rep2	HA	4PLP	fov_8	62	2916	0.0012054627	3	47.03225806451613	4
rep2	HA	4PLP	fov_9	22	371	0.002136263	3	16.863636363636363	4
rep2	HA	5PLP	fov_0	51	942	0.002121004	3	18.470588235294116	5
rep2	HA	5PLP	fov_1	51	922	0.0022735943	3	18.07843137254902	5
rep2	HA	5PLP	fov_2	38	645	0.002105745	3	16.973684210526315	5
rep2	HA	5PLP	fov_3	32	528	0.002136263	3	16.5	5
rep2	HA	5PLP	fov_4	16	242	0.0022812238	3	15.125	5
rep2	HA	5PLP	fov_5	34	812	0.0021972992	3	23.88235294117647	5
rep2	HA	5PLP	fov_6	64	3652	0.0014496071	3	57.0625	5
rep2	HA	5PLP	fov_7	74	2334	0.0012359808	3	31.54054054054054	5
rep2	HA	5PLP	fov_8	75	2997	0.001419089	3	39.96	5
rep2	HA	5PLP	fov_9	49	1040	0.0019378958	3	21.224489795918366	5
rep2	HA	6PLP	fov_0	83	4512	0.0018463416	3	54.36144578313253	6
rep2	HA	6PLP	fov_1	41	1175	0.0025329976	3	28.658536585365855	6
rep2	HA	6PLP	fov_2	72	4112	0.0020675974999999997	3	57.111111111111114	6
rep2	HA	6PLP	fov_3	69	1948	0.0028992142	3	28.231884057971016	6
rep2	HA	6PLP	fov_4	111	5657	0.0022735943	3	50.96396396396396	6
rep2	HA	6PLP	fov_5	49	1321	0.002716106	3	26.959183673469386	6
rep2	HA	6PLP	fov_6	64	1286	0.00280766	3	20.09375	6
rep2	HA	6PLP	fov_7	57	1657	0.0025482567	3	29.07017543859649	6
rep2	HA	6PLP	fov_8	25	422	0.0025711452	3	16.88	6
rep2	HA	6PLP	fov_9	32	703	0.0025024796	3	21.96875	6
rep2	HA	8PLP	fov_0	95	3979	0.0016632334	3	41.88421052631579	8
rep2	HA	8PLP	fov_1	89	3263	0.0017853056	3	36.662921348314605	8
rep2	HA	8PLP	fov_2	85	3656	0.0018463416	3	43.011764705882356	8
rep2	HA	8PLP	fov_3	89	2543	0.0025177386	3	28.573033707865168	8
rep2	HA	8PLP	fov_4	123	4537	0.002136263	3	36.886178861788615	8
rep2	HA	8PLP	fov_5	129	4518	0.0024414435	3	35.02325581395349	8
rep2	HA	8PLP	fov_6	97	3277	0.0019226368	3	33.78350515463917	8
rep2	HA	8PLP	fov_7	23	534	0.0023041123	3	23.217391304347824	8
rep2	HA	8PLP	fov_8	84	1970	0.0015259022	3	23.452380952380953	8
rep2	HA	8PLP	fov_9	63	1587	0.0018463416	3	25.19047619047619	8
rep3	HA	10PLP	fov_0	71	2611	0.0031280995	3	36.774647887323944	10
rep3	HA	10PLP	fov_1	66	4310	0.0035706111	3	65.3030303030303	10
rep3	HA	10PLP	fov_2	62	4484	0.0035706111	3	72.3225806451613	10
rep3	HA	10PLP	fov_3	83	4234	0.0036621653	3	51.01204819277108	10
rep3	HA	10PLP	fov_4	85	3684	0.006164645	3	43.34117647058824	10
rep3	HA	10PLP	fov_5	101	4591	0.006988632	3	45.45544554455446	10
rep3	HA	10PLP	fov_6	80	4030	0.004180972	3	50.375	10
rep3	HA	10PLP	fov_7	50	4621	0.0031738766	3	92.42	10
rep3	HA	10PLP	fov_8	59	3145	0.0039368276	3	53.30508474576271	10
rep3	HA	10PLP	fov_9	65	3652	0.0038910506	3	56.184615384615384	10
rep3	HA	1PLP	fov_0	101	3206	0.003509575	3	31.742574257425744	1
rep3	HA	1PLP	fov_1	72	2554	0.0026855879	3	35.47222222222222	1
rep3	HA	1PLP	fov_2	76	2994	0.00312047	3	39.39473684210526	1
rep3	HA	1PLP	fov_3	76	3385	0.0039826045	3	44.53947368421053	1
rep3	HA	1PLP	fov_4	95	3673	0.0037994965	3	38.66315789473684	1
rep3	HA	1PLP	fov_5	104	3237	0.004028382	3	31.125	1
rep3	HA	1PLP	fov_6	91	3366	0.0032959487	3	36.989010989010985	1
rep3	HA	1PLP	fov_7	67	4092	0.0034027619	3	61.07462686567164	1
rep3	HA	1PLP	fov_8	74	2826	0.003509575	3	38.189189189189186	1
rep3	HA	1PLP	fov_9	95	3160	0.0035706111	3	33.26315789473684	1
rep3	HA	2PLP	fov_0	89	3258	0.0038300145	3	36.60674157303371	2
rep3	HA	2PLP	fov_1	72	2454	0.003555352	3	34.083333333333336	2
rep3	HA	2PLP	fov_2	73	3247	0.0036316472	3	44.47945205479452	2
rep3	HA	2PLP	fov_3	87	3240	0.0051575494	3	37.241379310344826	2
rep3	HA	2PLP	fov_4	89	3773	0.004562448	3	42.39325842696629	2
rep3	HA	2PLP	fov_5	95	3600	0.0044556344	3	37.89473684210526	2
rep3	HA	2PLP	fov_6	57	1925	0.0036774243	3	33.771929824561404	2
rep3	HA	2PLP	fov_7	71	2762	0.003524834	3	38.901408450704224	2
rep3	HA	2PLP	fov_8	79	2552	0.0034256505	3	32.30379746835443	2
rep3	HA	2PLP	fov_9	97	3739	0.0034027619	3	38.54639175257732	2
rep3	HA	3PLP	fov_0	82	3971	0.004074159	3	48.426829268292686	3
rep3	HA	3PLP	fov_1	70	2484	0.005691615	3	35.48571428571429	3
rep3	HA	3PLP	fov_2	49	4319	0.004242008	3	88.14285714285714	3
rep3	HA	3PLP	fov_3	107	4484	0.0054016938	3	41.90654205607477	3
rep3	HA	3PLP	fov_4	107	5295	0.0051728087	3	49.48598130841121	3
rep3	HA	3PLP	fov_5	58	4996	0.004470893	3	86.13793103448276	3
rep3	HA	3PLP	fov_6	67	5475	0.004180972	3	81.71641791044776	3
rep3	HA	3PLP	fov_7	70	3589	0.003524834	3	51.27142857142857	3
rep3	HA	3PLP	fov_8	74	4329	0.004180972	3	58.5	3
rep3	HA	3PLP	fov_9	62	3939	0.0038757916	3	63.53225806451613	3
rep3	HA	4PLP	fov_0	81	5576	0.0046997787	3	68.8395061728395	4
rep3	HA	4PLP	fov_1	68	3937	0.0033264668	3	57.89705882352941	4
rep3	HA	4PLP	fov_2	81	6039	0.003418021	3	74.55555555555556	4
rep3	HA	4PLP	fov_3	73	5483	0.004348821	3	75.10958904109589	4
rep3	HA	4PLP	fov_4	106	4533	0.0050507365	3	42.764150943396224	4
rep3	HA	4PLP	fov_5	74	3438	0.0045319293	3	46.45945945945946	4
rep3	HA	4PLP	fov_6	72	3281	0.004562448	3	45.56944444444444	4
rep3	HA	4PLP	fov_7	71	2527	0.0031891356	3	35.59154929577465	4
rep3	HA	4PLP	fov_8	75	3662	0.004089418	3	48.82666666666667	4
rep3	HA	4PLP	fov_9	74	4106	0.004348821	3	55.486486486486484	4
rep3	HA	5PLP	fov_0	79	4033	0.0047760736	3	51.050632911392405	5
rep3	HA	5PLP	fov_1	85	4527	0.0043945983	3	53.258823529411764	5
rep3	HA	5PLP	fov_2	65	5250	0.0044556344	3	80.76923076923077	5
rep3	HA	5PLP	fov_3	85	3648	0.00536354635	3	42.917647058823526	5
rep3	HA	5PLP	fov_4	80	4864	0.004943923	3	60.8	5
rep3	HA	5PLP	fov_5	62	4399	0.0047760736	3	70.95161290322581	5
rep3	HA	5PLP	fov_6	80	4677	0.0047150375	3	58.4625	5
rep3	HA	5PLP	fov_7	62	4079	0.0045777066	3	65.79032258064517	5
rep3	HA	5PLP	fov_8	69	3779	0.004867628	3	54.768115942028984	5
rep3	HA	5PLP	fov_9	86	4608	0.004898146	3	53.58139534883721	5
rep3	HA	6PLP	fov_0	86	5540	0.0052338447	3	64.4186046511628	6
rep3	HA	6PLP	fov_1	72	4907	0.004562448	3	68.15277777777777	6
rep3	HA	6PLP	fov_2	72	3735	0.0049286643	3	51.875	6
rep3	HA	6PLP	fov_3	62	3666	0.0046540014	3	59.12903225806452	6
rep3	HA	6PLP	fov_4	111	6392	0.0059739073	3	57.585585585585584	6
rep3	HA	6PLP	fov_5	101	5635	0.006347753	3	55.79207920792079	6
rep3	HA	6PLP	fov_6	77	4723	0.0054016938	3	61.33766233766234	6
rep3	HA	6PLP	fov_7	74	5233	0.0049286643	3	70.71621621621621	6
rep3	HA	6PLP	fov_8	47	2886	0.004943923	3	61.40425531914894	6
rep3	HA	6PLP	fov_9	74	5397	0.004562448	3	72.93243243243244	6
rep3	HA	8PLP	fov_0	99	4169	0.003952087	3	42.111111111111114	8
rep3	HA	8PLP	fov_1	87	5483	0.004913405	3	63.02298850574713	8
rep3	HA	8PLP	fov_2	77	2668	0.005752651	3	34.64935064935065	8
rep3	HA	8PLP	fov_3	59	2769	0.0050659953	3	46.932203389830505	8
rep3	HA	8PLP	fov_4	97	5442	0.006134127	3	56.103092783505154	8
rep3	HA	8PLP	fov_5	84	3962	0.006378271	3	47.166666666666664	8
rep3	HA	8PLP	fov_6	106	5069	0.0044403756	3	47.820754716981135	8
rep3	HA	8PLP	fov_7	91	4316	0.0032959487	3	47.42857142857143	8
rep3	HA	8PLP	fov_8	62	3978	0.004867628	3	64.16129032258064	8
rep3	HA	8PLP	fov_9	85	4597	0.004959182	3	54.082352941176474	8
rep4	HA	10PLP	fov_0	127	6233	0.005539025	3	49.07874015748032	10
rep4	HA	10PLP	fov_1	84	4244	0.005493248	3	50.523809523809526	10
rep4	HA	10PLP	fov_2	69	5302	0.0056000613	3	76.84057971014492	10
rep4	HA	10PLP	fov_3	94	5619	0.006881819	3	59.776595744680854	10
rep4	HA	10PLP	fov_4	48	3448	0.005416953	3	71.83333333333333	10
rep4	HA	10PLP	fov_5	61	6188	0.0054474706	3	101.44262295081967	10
rep4	HA	10PLP	fov_6	80	4417	0.00561532	3	55.2125	10
rep4	HA	10PLP	fov_7	84	4911	0.004730297	3	58.464285714285715	10
rep4	HA	10PLP	fov_8	87	4447	0.0040589	3	51.11494252873563	10
rep4	HA	10PLP	fov_9	71	4098	0.0037994965	3	57.71830985915493	10
rep4	HA	1PLP	fov_0	74	2697	0.003494316	3	36.445945945945944	1
rep4	HA	1PLP	fov_1	70	3085	0.0035706111	3	44.07142857142857	1
rep4	HA	1PLP	fov_2	84	4173	0.003463798	3	49.67857142857143	1
rep4	HA	1PLP	fov_3	44	4005	0.0036469062	3	91.02272727272727	1
rep4	HA	1PLP	fov_4	82	4024	0.004821851	3	49.073170731707314	1
rep4	HA	1PLP	fov_5	96	3265	0.0036621653	3	34.010416666666664	1
rep4	HA	1PLP	fov_6	76	4243	0.003540093	3	55.828947368421055	1
rep4	HA	1PLP	fov_7	68	2982	0.0031128405	3	43.85294117647059	1
rep4	HA	1PLP	fov_8	60	3155	0.0030670634	3	52.583333333333336	1
rep4	HA	1PLP	fov_9	66	3716	0.0035706111	3	56.303030303030305	1
rep4	HA	2PLP	fov_0	76	4334	0.0038300145	3	57.026315789473685	2
rep4	HA	2PLP	fov_1	89	4831	0.0041657127	3	54.28089887640449	2
rep4	HA	2PLP	fov_2	110	5267	0.0039673457	3	47.88181818181818	2
rep4	HA	2PLP	fov_3	130	3504	0.0041046767	3	26.953846153846154	2
rep4	HA	2PLP	fov_4	80	1420	0.0045014117	3	17.75	2
rep4	HA	2PLP	fov_5	78	3273	0.005035477	3	41.96153846153846	2
rep4	HA	2PLP	fov_6	111	3929	0.0052491035	3	35.3963963963964	2
rep4	HA	2PLP	fov_7	100	5122	0.0050965133	3	51.22	2
rep4	HA	2PLP	fov_8	85	3719	0.0052491035	3	43.752941176470586	2
rep4	HA	2PLP	fov_9	80	3518	0.004013123	3	43.975	2
rep4	HA	3PLP	fov_0	58	3427	0.003524834	3	59.08620689655172	3
rep4	HA	3PLP	fov_1	72	3800	0.003952087	3	52.77777777777778	3
rep4	HA	3PLP	fov_2	93	4294	0.004074159	3	46.17204301075269	3
rep4	HA	3PLP	fov_3	50	1037	0.005813687	3	20.74	3
rep4	HA	3PLP	fov_4	80	4279	0.003952087	3	53.4875	3
rep4	HA	3PLP	fov_5	65	4514	0.0042572673	3	69.44615384615385	3
rep4	HA	3PLP	fov_6	66	5216	0.004226749	3	79.03030303030303	3
rep4	HA	3PLP	fov_7	71	4656	0.0041046767	3	65.5774647887324	3
rep4	HA	3PLP	fov_8	94	4610	0.0045929654	3	49.04255319148936	3
rep4	HA	3PLP	fov_9	82	3590	0.0041046767	3	43.78048780487805	3
rep4	HA	4PLP	fov_0	74	5133	0.0039215684	3	69.36486486486487	4
rep4	HA	4PLP	fov_1	63	3384	0.003509575	3	53.714285714285715	4
rep4	HA	4PLP	fov_2	54	3936	0.003540093	3	72.88888888888889	4
rep4	HA	4PLP	fov_3	63	2550	0.0039978637	3	40.476190476190474	4
rep4	HA	4PLP	fov_4	81	3964	0.004852369	3	48.93827160493827	4
rep4	HA	4PLP	fov_5	26	5074	0.004623484	3	195.15384615384616	4
rep4	HA	4PLP	fov_6	68	3650	0.0046540014	3	53.6764705882353	4
rep4	HA	4PLP	fov_7	58	2747	0.0038452735	3	47.36206896551724	4
rep4	HA	4PLP	fov_8	69	3129	0.0033875029	3	45.34782608695652	4
rep4	HA	4PLP	fov_9	83	5377	0.004242008	3	64.78313253012048	4
rep4	HA	5PLP	fov_0	70	6019	0.004882887	3	85.98571428571428	5
rep4	HA	5PLP	fov_1	74	6242	0.0039673457	3	84.35135135135135	5
rep4	HA	5PLP	fov_2	89	5624	0.004150454	3	63.19101123595506	5
rep4	HA	5PLP	fov_3	72	3442	0.004150454	3	47.80555555555556	5
rep4	HA	5PLP	fov_4	90	3212	0.0037537194	3	35.68888888888889	5
rep4	HA	5PLP	fov_5	79	5625	0.0043945983	3	71.20253164556962	5
rep4	HA	5PLP	fov_6	73	5829	0.004470893	3	79.84931506849315	5
rep4	HA	5PLP	fov_7	63	2171	0.0053406577	3	34.46031746031746	5
rep4	HA	5PLP	fov_8	84	4915	0.004867628	3	58.51190476190476	5
rep4	HA	5PLP	fov_9	104	5872	0.005081254	3	56.46153846153846	5
rep4	HA	6PLP	fov_0	114	6077	0.0047150375	3	53.30701754385965	6
rep4	HA	6PLP	fov_1	101	4746	0.0042572673	3	46.99009900990099	6
rep4	HA	6PLP	fov_2	87	5612	0.0039673457	3	64.50574712643679	6
rep4	HA	6PLP	fov_3	81	4895	0.004745556	3	60.4320987654321	6
rep4	HA	6PLP	fov_4	89	5032	0.0047760736	3	56.53932584269663	6
rep4	HA	6PLP	fov_5	69	4636	0.00504310675	3	67.18840579710145	6
rep4	HA	6PLP	fov_6	74	3737	0.0036316472	3	50.5	6
rep4	HA	6PLP	fov_7	100	5079	0.0037689784	3	50.79	6
rep4	HA	6PLP	fov_8	114	3991	0.0036774243	3	35.00877192982456	6
rep4	HA	6PLP	fov_9	119	5259	0.004013123	3	44.19327731092437	6
rep4	HA	8PLP	fov_0	108	6784	0.0041428244999999995	3	62.81481481481482	8
rep4	HA	8PLP	fov_1	104	4760	0.004882887	3	45.76923076923077	8
rep4	HA	8PLP	fov_2	80	5903	0.004959182	3	73.7875	8
rep4	HA	8PLP	fov_3	84	4684	0.0043259327	3	55.76190476190476	8
rep4	HA	8PLP	fov_4	35	5323	0.004333562	3	152.0857142857143	8
rep4	HA	8PLP	fov_5	89	4339	0.00468452	3	48.752808988764045	8
rep4	HA	8PLP	fov_6	53	4487	0.004150454	3	84.66037735849056	8
rep4	HA	8PLP	fov_7	70	5146	0.004089418	3	73.51428571428572	8
rep4	HA	8PLP	fov_8	87	4046	0.00514229	3	46.50574712643678	8
rep4	HA	8PLP	fov_9	119	5148	0.0049897004	3	43.260504201680675	8
